<ipat>
	<profile>
		<variable>
			<name>Page_bg_Red</name>
			<type>ordinal</type>
			<lbound>0.0</lbound>
			<ubound>255.0</ubound>
			<granularity>1.0</granularity>
			<value>128.0</value>
           <default>random</default>
			<unit>pt</unit>
			<flag>active</flag>
		</variable>
		<variable>
			<name>Page_bg_Blue</name>
			<type>ordinal</type>
			<lbound>0.0</lbound>
			<ubound>255.0</ubound>
			<granularity>1.0</granularity>
			<value>128.0</value>
           <default>random</default>
			<unit>pt</unit>
			<flag>active</flag>
		</variable>		
		<variable>
			<name>Page_bg_Green</name>
			<type>ordinal</type>
			<lbound>0.0</lbound>
			<ubound>255.0</ubound>
			<granularity>1.0</granularity>
			<value>128.0</value>
           <default>random</default>
			<unit>pt</unit>
			<flag>active</flag>
		</variable>        
        
      <kernel>
           <name>h1</name>
           <variable>
               <name>font-family</name>
               <type>cardinal</type>
               <lbound>0.0</lbound>
               <ubound>10.0</ubound>
               <granularity>1.0</granularity>
               <value>2.0</value>
               <default>2</default>
				<unit>pt</unit>
               <flag>active</flag>
           </variable>         
            <variable>
               <name>font-size</name>
               <type>ordinal</type>
               <lbound>6.0</lbound>
               <ubound>64.0</ubound>
               <granularity>1.0</granularity>
               <value>32.0</value>
               <default>32.0</default>
				<unit>pt</unit>
               <flag>active</flag>
           </variable>    
           <variable>
               <name>italic</name>
               <type>Boolean</type>
               <lbound>0.0</lbound>
               <ubound>1.0</ubound>
               <granularity>1.0</granularity>
               <value>0.0</value>
               <default>0.0</default>
				<unit>pt</unit>
               <flag>active</flag>
           </variable>    
           <variable>
               <name>bold</name>
               <type>Boolean</type>
               <lbound>0.0</lbound>
               <ubound>1.0</ubound>
               <granularity>1.0</granularity>
               <value>1.0</value>
               <default>0.0</default>
				<unit>pt</unit>
               <flag>active</flag>
           </variable>  
           <variable>
               <name>bullet</name>
               <type>Boolean</type>
               <lbound>0.0</lbound>
               <ubound>1.0</ubound>
               <granularity>1.0</granularity>
               <value>0.0</value>
               <default>0.0</default>
				<unit>pt</unit>
               <flag>active</flag>
           </variable>                                
            <variable>
               <name>numbered</name>
               <type>Boolean</type>
               <lbound>0.0</lbound>
               <ubound>1.0</ubound>
               <granularity>1.0</granularity>
               <value>0.0</value>
               <default>0.0</default>
				<unit>pt</unit>
               <flag>active</flag>
           </variable>  
            <variable>
               <name>color_red_fg</name>
               <type>ordinal</type>
               <lbound>0.0</lbound>
               <ubound>255.0</ubound>
               <granularity>1.0</granularity>
               <value>83.0</value>
               <default>128.0</default>
				<unit>pt</unit>
               <flag>active</flag>
           </variable>    
            <variable>
               <name>color_green_fg</name>
               <type>ordinal</type>
               <lbound>0.0</lbound>
               <ubound>255.0</ubound>
               <granularity>1.0</granularity>
               <value>96.0</value>
               <default>128.0</default>
				<unit>pt</unit>
               <flag>active</flag>
           </variable>    
             <variable>
               <name>color_blue_fg</name>
               <type>ordinal</type>
               <lbound>0.0</lbound>
               <ubound>255.0</ubound>
               <granularity>1.0</granularity>
               <value>56.0</value>
               <default>128.0</default>
				<unit>pt</unit>
               <flag>active</flag>
           </variable>    
                                               
       </kernel>
     
       <kernel>
           <name>h2</name>
           <variable>
               <name>font-family</name>
               <type>cardinal</type>
               <lbound>0.0</lbound>
               <ubound>10.0</ubound>
               <granularity>1.0</granularity>
               <value>2.0</value>
               <default>2</default>
				<unit>pt</unit>
               <flag>active</flag>
           </variable>         
            <variable>
               <name>font-size</name>
               <type>ordinal</type>
               <lbound>6.0</lbound>
               <ubound>64.0</ubound>
               <granularity>1.0</granularity>
               <value>24.0</value>
               <default>20</default>
				<unit>pt</unit>
               <flag>active</flag>
           </variable>    
           <variable>
               <name>italic</name>
               <type>Boolean</type>
               <lbound>0.0</lbound>
               <ubound>1.0</ubound>
               <granularity>1.0</granularity>
               <value>0.0</value>
               <default>0.0</default>
				<unit>pt</unit>
               <flag>active</flag>
           </variable>    
           <variable>
               <name>bold</name>
               <type>Boolean</type>
               <lbound>0.0</lbound>
               <ubound>1.0</ubound>
               <granularity>1.0</granularity>
               <value>0.0</value>
               <default>0.0</default>
				<unit>pt</unit>
               <flag>active</flag>
           </variable>  
           <variable>
               <name>bullet</name>
               <type>Boolean</type>
               <lbound>0.0</lbound>
               <ubound>1.0</ubound>
               <granularity>1.0</granularity>
               <value>0.0</value>
               <default>0.0</default>
				<unit>pt</unit>
               <flag>active</flag>
           </variable>                                
            <variable>
               <name>numbered</name>
               <type>Boolean</type>
               <lbound>0.0</lbound>
               <ubound>1.0</ubound>
               <granularity>1.0</granularity>
               <value>0.0</value>
               <default>0.0</default>
				<unit>pt</unit>
               <flag>active</flag>
           </variable>  
            <variable>
               <name>color_red_fg</name>
               <type>ordinal</type>
               <lbound>0.0</lbound>
               <ubound>255.0</ubound>
               <granularity>1.0</granularity>
               <value>77.0</value>
               <default>128.0</default>
				<unit>pt</unit>
               <flag>active</flag>
           </variable>    
            <variable>
               <name>color_green_fg</name>
               <type>ordinal</type>
               <lbound>0.0</lbound>
               <ubound>255.0</ubound>
               <granularity>1.0</granularity>
               <value>111.0</value>
               <default>128.0</default>
				<unit>pt</unit>
               <flag>active</flag>
           </variable>    
             <variable>
               <name>color_blue_fg</name>
               <type>ordinal</type>
               <lbound>0.0</lbound>
               <ubound>255.0</ubound>
               <granularity>1.0</granularity>
               <value>22.0</value>
               <default>128.0</default>
				<unit>pt</unit>
               <flag>active</flag>
           </variable>    
                                               
       </kernel>
		<kernel>
           <name>img</name>
           
			<variable>
               <name>border</name>
               <type>ordinal</type>
               <lbound>0.0</lbound>
               <ubound>10.0</ubound>
               <granularity>1.0</granularity>
               <value>2.0</value>
               <default>2</default>
				<unit>px</unit>
               <flag>active</flag>
           </variable>
			<variable>
               <name>margin</name>
               <type>cardinal</type>
               <lbound>0.0</lbound>
               <ubound>4.0</ubound>
               <granularity>1.0</granularity>
               <value>2.0</value>
               <default>2</default>
				<unit>pt</unit>
               <flag>active</flag>
           </variable>
		</kernel>
       <kernel>
           <name>p</name>
           <variable>
               <name>font-family</name>
               <type>cardinal</type>
               <lbound>0.0</lbound>
               <ubound>10.0</ubound>
               <granularity>1.0</granularity>
               <value>2.0</value>
               <default>2</default>
				<unit>pt</unit>
               <flag>active</flag>
           </variable>         
            <variable>
               <name>font-size</name>
               <type>ordinal</type>
               <lbound>6.0</lbound>
               <ubound>64.0</ubound>
               <granularity>1.0</granularity>
               <value>20.0</value>
               <default>20</default>
				<unit>pt</unit>
               <flag>active</flag>
           </variable>    
           <variable>
               <name>italic</name>
               <type>Boolean</type>
               <lbound>0.0</lbound>
               <ubound>1.0</ubound>
               <granularity>1.0</granularity>
               <value>0.0</value>
               <default>0.0</default>
				<unit>pt</unit>
               <flag>active</flag>
           </variable>    
           <variable>
               <name>bold</name>
               <type>Boolean</type>
               <lbound>0.0</lbound>
               <ubound>1.0</ubound>
               <granularity>1.0</granularity>
               <value>0.0</value>
               <default>0.0</default>
				<unit>pt</unit>
               <flag>active</flag>
           </variable>  
           <variable>
               <name>bullet</name>
               <type>Boolean</type>
               <lbound>0.0</lbound>
               <ubound>1.0</ubound>
               <granularity>1.0</granularity>
               <value>0.0</value>
               <default>0.0</default>
				<unit>pt</unit>
               <flag>active</flag>
           </variable>                                
            <variable>
               <name>numbered</name>
               <type>Boolean</type>
               <lbound>0.0</lbound>
               <ubound>1.0</ubound>
               <granularity>1.0</granularity>
               <value>0.0</value>
               <default>0.0</default>
				<unit>pt</unit>
               <flag>active</flag>
           </variable>  
            <variable>
               <name>color_red_fg</name>
               <type>ordinal</type>
               <lbound>0.0</lbound>
               <ubound>255.0</ubound>
               <granularity>1.0</granularity>
               <value>44.0</value>
               <default>128.0</default>
				<unit>pt</unit>
               <flag>active</flag>
           </variable>    
            <variable>
               <name>color_green_fg</name>
               <type>ordinal</type>
               <lbound>0.0</lbound>
               <ubound>255.0</ubound>
               <granularity>1.0</granularity>
               <value>66.0</value>
               <default>128.0</default>
				<unit>pt</unit>
               <flag>active</flag>
           </variable>    
             <variable>
               <name>color_blue_fg</name>
               <type>ordinal</type>
               <lbound>0.0</lbound>
               <ubound>255.0</ubound>
               <granularity>1.0</granularity>
               <value>88.0</value>
               <default>128.0</default>
				<unit>pt</unit>
               <flag>active</flag>
           </variable>    
                                               
    </kernel>
 </profile>
	<hints>
		<hint>
			<type>Radio</type>
			<value>Radio1</value>
		</hint>
		<hint>
			<type>Radio</type>
			<value>Radio2</value>
		</hint>
		<hint>
			<type>Radio</type>
			<value>Radio3</value>
		</hint>
		<hint>
			<type>Checkbox</type>
			<value>Checkbox</value>
		</hint>
	</hints>
   <globalscore>
     <value>5</value>
     <ubound>10</ubound>
     <lbound>0</lbound>
   </globalscore>
       
</ipat>


